English short name,French short name,Alpha-2 code,Alpha-3 code,Numeric,Short Name,Full Name,Independent,Administrative language(s) alpha-2,Administrative language(s) alpha-3,Local short name,Chinese,Russian,French,Spanish,Arabic
Åland Islands,Åland(les Îles),AX,ALA,248,ÅLAND ISLANDS,,No,sv,swe,Åland,奥兰群岛,Аландских островов,Îles d’Åland,Islas Åland,جزر ألاند
Zimbabwe,Zimbabwe (le),ZW,ZWE,716,ZIMBABWE,the Republic of Zimbabwe,Yes,en,eng,Zimbabwe,津巴布韦,Зимбабве,Zimbabwe,Zimbabwe,زمبابوي
Zambia,Zambie (la),ZM,ZMB,894,ZAMBIA,the Republic of Zambia,Yes,en,eng,Zambia,赞比亚,Замбия,Zambie,Zambia,زامبيا
Yemen,Yémen (le),YE,YEM,887,YEMEN,the Republic of Yemen,Yes,ar,ara,Al Yaman,也门,Йемен,Yémen,Yemen,اليمن
Western Sahara*,Sahara occidental (le)*,EH,ESH,732,WESTERN SAHARA,,No,ar,ara,Aş Şaḩrā' al Gharbīyah,西撒哈拉,Западная Сахара,Sahara occidental,Sáhara Occidental,الصحراء الغربية
Wallis and Futuna,Wallis-et-Futuna,WF,WLF,876,WALLIS AND FUTUNA,Wallis and Futuna Islands,No,fr,fra,Wallis-et-Futuna,瓦利斯群岛和富图纳群岛,Острова Уоллис и Футуна,Îles Wallis-et-Futuna,Islas Wallis y Futuna,جزر واليس وفوتونا
Virgin Islands (U.S.),Vierges des États-Unis (les Îles),VI,VIR,850,VIRGIN ISLANDS (U.S.),the Virgin Islands of the United States,No,en,eng,Virgin Islands (U.S.),美属维尔京群岛,Виргинские острова Соединенных Штатов,Îles Vierges américaines,Islas Vírgenes de los Estados Unidos,جزر فرجن التابعة للولايات المتحدة
Virgin Islands (British),Vierges britanniques (les Îles),VG,VGB,092,VIRGIN ISLANDS (BRITISH),British Virgin Islands (the),No,en,eng,Virgin Islands (British),英属维尔京群岛,Британские Виргинские острова,Îles Vierges britanniques,Islas Vírgenes Británicas,جزر فرجن البريطانية
Viet Nam,Viet Nam (le),VN,VNM,704,VIET NAM,the Socialist Republic of Viet Nam,Yes,vi,vie,Việt Nam,越南,Вьетнам,Viet Nam,Viet Nam,فييت نام
Venezuela (Bolivarian Republic of),Venezuela (République bolivarienne du),VE,VEN,862,VENEZUELA (BOLIVARIAN REPUBLIC OF),the Bolivarian Republic of Venezuela,Yes,es,spa,"Venezuela, República Bolivariana de",委内瑞拉玻利瓦尔共和国,Венесуэла (Боливарианская Республика),Venezuela (République bolivarienne du),Venezuela (República Bolivariana de),فنزويلا (جمهورية - البوليفارية)
Vanuatu,Vanuatu (le),VU,VUT,548,VANUATU,the Republic of Vanuatu,Yes,,,,瓦努阿图,Вануату,Vanuatu,Vanuatu,فانواتو
Uzbekistan,Ouzbékistan (l'),UZ,UZB,860,UZBEKISTAN,the Republic of Uzbekistan,Yes,uz,uzb,O‘zbekiston,乌兹别克斯坦,Узбекистан,Ouzbékistan,Uzbekistán,أوزبكستان
Uruguay,Uruguay (l'),UY,URY,858,URUGUAY,the Eastern Republic of Uruguay,Yes,es,spa,Uruguay (el),乌拉圭,Уругвай,Uruguay,Uruguay,أوروغواي
United States of America (the),États-Unis d'Amérique (les),US,USA,840,UNITED STATES OF AMERICA,the United States of America,Yes,en,eng,United States of America (the),美利坚合众国,Соединенные Штаты Америки,États-Unis d’Amérique,Estados Unidos de América,الولايات المتحدة الأمريكية
United States Minor Outlying Islands (the),Îles mineures éloignées des États-Unis (les),UM,UMI,581,UNITED STATES MINOR OUTLYING ISLANDS,,No,en,eng,United States Minor Outlying Islands (the),美国本土外小岛屿,Внешние малые острова Соединенных Штатов,Îles mineures éloignées des États-Unis,Islas menores alejadas de Estados Unidos,نائية التابعة للولايات المتحدة
United Kingdom of Great Britain and Northern Ireland (the),Royaume-Uni de Grande-Bretagne et d'Irlande du Nord (le),GB,GBR,826,UNITED KINGDOM OF GREAT BRITAIN AND NORTHERN IRELAND,the United Kingdom of Great Britain and Northern Ireland,Yes,en,eng,United Kingdom of Great Britain and Northern Ireland (the),大不列颠及北爱尔兰联合王国,Соединенное Королевство Великобритании и Северной Ирландии,Royaume-Uni de Grande-Bretagne et d’Irlande du Nord,Reino Unido de Gran Bretaña e Irlanda del Norte,المملكة المتحدة لبريطانيا العظمى وآيرلندا الشمالية
United Arab Emirates (the),Émirats arabes unis (les),AE,ARE,784,UNITED ARAB EMIRATES,the United Arab Emirates,Yes,ar,ara,Al Imārāt,阿拉伯联合酋长国,Объединенные Арабские Эмираты,Émirats arabes unis,Emiratos Árabes Unidos,الإمارات العربية المتحدة
Ukraine,Ukraine (l'),UA,UKR,804,UKRAINE,,Yes,uk,ukr,Ukraina,乌克兰,Украина,Ukraine,Ucrania,أوكرانيا
Uganda,Ouganda (l'),UG,UGA,800,UGANDA,the Republic of Uganda,Yes,en,eng,Uganda,乌干达,Уганда,Ouganda,Uganda,أوغندا
Tuvalu,Tuvalu (les),TV,TUV,798,,,,,,,图瓦卢,Тувалу,Tuvalu,Tuvalu,توفالو
Turks and Caicos Islands (the),Turks-et-Caïcos (les Îles),TC,TCA,796,,,,,,,特克斯和凯科斯群岛,Острова Теркс и Кайкос,Îles Turques-et-Caïques,Islas Turcas y Caicos,جزر تركس وكايكوس
Turkmenistan,Turkménistan (le),TM,TKM,795,,,,,,,土库曼斯坦,Туркменистан,Turkménistan,Turkmenistán,تركمانستان
Turkey,Turquie (la),TR,TUR,792,,,,,,,土耳其,Турция,Türkiye,Türkiye,تركيا
Tunisia,Tunisie (la),TN,TUN,788,,,,,,,突尼斯,Тунис,Tunisie,Túnez,تونس
Trinidad and Tobago,Trinité-et-Tobago (la),TT,TTO,780,,,,,,,特立尼达和多巴哥,Тринидад и Тобаго,Trinité-et-Tobago,Trinidad y Tabago,ترينيداد وتوباغو
Tonga,Tonga (les),TO,TON,776,,,,,,,汤加,Тонга,Tonga,Tonga,تونغا
Tokelau,Tokelau (les),TK,TKL,772,,,,,,,托克劳,Токелау,Tokélaou,Tokelau,توكيلاو
Togo,Togo (le),TG,TGO,768,,,,,,,多哥,Того,Togo,Togo,توغو
Timor-Leste,Timor-Leste (le),TL,TLS,626,,,,,,,东帝汶,Тимор-Лешти,Timor-Leste,Timor-Leste,تيمور - ليشتي
Thailand,Thaïlande (la),TH,THA,764,,,,,,,泰国,Таиланд,Thaïlande,Tailandia,تايلند
"Tanzania, the United Republic of",Tanzanie (la République-Unie de),TZ,TZA,834,,,,,,,坦桑尼亚联合共和国,Объединенная Республика Танзания,République-Unie de Tanzanie,República Unida de Tanzanía,جمهورية تنزانيا المتحدة
Tajikistan,Tadjikistan (le),TJ,TJK,762,,,,,,,塔吉克斯坦,Таджикистан,Tadjikistan,Tayikistán,طاجيكستان
Taiwan (Province of China),Taïwan (Province de Chine),TW,TWN,158,,,,,,,中国,Китай,Chine,China,الصين
Syrian Arab Republic (the),République arabe syrienne (la),SY,SYR,760,,,,,,,阿拉伯叙利亚共和国,Сирийская Арабская Республика,République arabe syrienne,República Árabe Siria,الجمهورية العربية السورية
Switzerland,Suisse (la),CH,CHE,756,,,,,,,瑞士,Швейцария,Suisse,Suiza,سويسرا
Sweden,Suède (la),SE,SWE,752,,,,,,,瑞典,Швеция,Suède,Suecia,السويد
Svalbard and Jan Mayen,Svalbard et l'Île Jan Mayen (le),SJ,SJM,744,,,,,,,斯瓦尔巴群岛和扬马延岛,Острова Свальбард и Ян-Майен,Îles Svalbard-et-Jan Mayen,Islas Svalbard y Jan Mayen,جزيرتي سفالبارد وجان مايِن
Suriname,Suriname (le),SR,SUR,740,,,,,,,苏里南,Суринам,Suriname,Suriname,سورينام
Sudan (the),Soudan (le),SD,SDN,729,,,,,,,苏丹,Судан,Soudan,Sudán,السودان
Sri Lanka,Sri Lanka,LK,LKA,144,,,,,,,斯里兰卡,Шри-Ланка,Sri Lanka,Sri Lanka,سري لانكا
Spain,Espagne (l'),ES,ESP,724,,,,,,,西班牙,Испания,Espagne,España,إسبانيا
South Sudan,Soudan du Sud (le),SS,SSD,728,,,,,,,南苏丹,Южный Судан,Soudan du Sud,Sudán del Sur,جنوب السودان
South Georgia and the South Sandwich Islands,Géorgie du Sud-et-les Îles Sandwich du Sud (la),GS,SGS,239,,,,,,,南乔治亚岛和南桑德韦奇岛,Южная Джорджия и Южные Сандвичевы острова,Géorgie du Sud-et-les Îles Sandwich du Sud,Georgia del Sur y las Islas Sandwich del Sur,جورجيا الجنوبية وجزر ساندويتش الجنوبية
South Africa,Afrique du Sud (l'),ZA,ZAF,710,,,,,,,南非,Южная Африка,Afrique du Sud,Sudáfrica,جنوب أفريقيا
Somalia,Somalie (la),SO,SOM,706,,,,,,,索马里,Сомали,Somalie,Somalia,الصومال
Solomon Islands,Salomon (les Îles),SB,SLB,090,,,,,,,所罗门群岛,Соломоновы Острова,Îles Salomon,Islas Salomón,جزر سليمان
Slovenia,Slovénie (la),SI,SVN,705,,,,,,,斯洛文尼亚,Словения,Slovénie,Eslovenia,سلوفينيا
Slovakia,Slovaquie (la),SK,SVK,703,,,,,,,斯洛伐克,Словакия,Slovaquie,Eslovaquia,سلوفاكيا
Sint Maarten (Dutch part),Saint-Martin (partie néerlandaise),SX,SXM,534,,,,,,,圣马丁（荷属）,Синт-Мартен (нидерландская часть),Saint-Martin (partie néerlandaise),San Martín (parte Holandesa),سانت مارتن (الجزء الهولندي)
Singapore,Singapour,SG,SGP,702,,,,,,,新加坡,Сингапур,Singapour,Singapur,سنغافورة
Sierra Leone,Sierra Leone (la),SL,SLE,694,,,,,,,塞拉利昂,Сьерра-Леоне,Sierra Leone,Sierra Leona,سيراليون
Seychelles,Seychelles (les),SC,SYC,690,,,,,,,塞舌尔,Сейшельские Острова,Seychelles,Seychelles,سيشيل
Serbia,Serbie (la),RS,SRB,688,,,,,,,塞尔维亚,Сербия,Serbie,Serbia,صربيا
Senegal,Sénégal (le),SN,SEN,686,,,,,,,塞内加尔,Сенегал,Sénégal,Senegal,السنغال
Saudi Arabia,Arabie saoudite (l'),SA,SAU,682,,,,,,,沙特阿拉伯,Саудовская Аравия,Arabie saoudite,Arabia Saudita,المملكة العربية السعودية
Sao Tome and Principe,Sao Tomé-et-Principe,ST,STP,678,,,,,,,圣多美和普林西比,Сан-Томе и Принсипи,Sao Tomé-et-Principe,Santo Tomé y Príncipe,سان تومي وبرينسيبي
San Marino,Saint-Marin,SM,SMR,674,,,,,,,圣马力诺,Сан-Марино,Saint-Marin,San Marino,سان مارينو
Samoa,Samoa (le),WS,WSM,882,,,,,,,萨摩亚,Самоа,Samoa,Samoa,ساموا
Saint Vincent and the Grenadines,Saint-Vincent-et-les Grenadines,VC,VCT,670,,,,,,,圣文森特和格林纳丁斯,Сент-Винсент и Гренадины,Saint-Vincent-et-les Grenadines,San Vicente y las Granadinas,سانت فنسنت وجزر غرينادين
Saint Pierre and Miquelon,Saint-Pierre-et-Miquelon,PM,SPM,666,,,,,,,圣皮埃尔和密克隆,Сен-Пьер и Микелон,Saint-Pierre-et-Miquelon,San Pedro y Miquelón,سان بيير وميكلون
Saint Martin (French part),Saint-Martin (partie française),MF,MAF,663,,,,,,,圣马丁（法属）,Сен-Мартен (французская часть),Saint-Martin (partie française),San Martín (parte francesa),سانت مارتن (الجزء الفرنسي)
Saint Lucia,Sainte-Lucie,LC,LCA,662,,,,,,,圣卢西亚,Сент-Люсия,Sainte-Lucie,Santa Lucía,سانت لوسيا
Saint Kitts and Nevis,Saint-Kitts-et-Nevis,KN,KNA,659,,,,,,,圣基茨和尼维斯,Сент-Китс и Невис,Saint-Kitts-et-Nevis,Saint Kitts y Nevis,سانت كيتس ونيفس
"Saint Helena, Ascension and Tristan da Cunha","Sainte-Hélène, Ascension et Tristan da Cunha",SH,SHN,654,,,,,,,圣赫勒拿,Остров Святой Елены,Sainte-Hélène,Santa Elena,سانت هيلانة
Saint Barthélemy,Saint-Barthélemy,BL,BLM,652,,,,,,,圣巴泰勒米,Сен-Бартелеми,Saint-Barthélemy,San Barthélemy,سان بارتليمي
Réunion,Réunion (La),RE,REU,638,,,,,,,留尼汪,Реюньон,Réunion,Reunión,ريونيون
Rwanda,Rwanda (le),RW,RWA,646,,,,,,,卢旺达,Руанда,Rwanda,Rwanda,رواندا
Russian Federation (the),Russie (la Fédération de),RU,RUS,643,,,,,,,俄罗斯联邦,Российская Федерация,Fédération de Russie,Federación de Rusia,الاتحاد الروسي
Romania,Roumanie (la),RO,ROU,642,,,,,,,罗马尼亚,Румыния,Roumanie,Rumania,رومانيا
Qatar,Qatar (le),QA,QAT,634,,,,,,,卡塔尔,Катар,Qatar,Qatar,قطر
Puerto Rico,Porto Rico,PR,PRI,630,,,,,,,波多黎各,Пуэрто-Рико,Porto Rico,Puerto Rico,بورتوريكو
Portugal,Portugal (le),PT,PRT,620,,,,,,,葡萄牙,Португалия,Portugal,Portugal,البرتغال
Poland,Pologne (la),PL,POL,616,,,,,,,波兰,Польша,Pologne,Polonia,بولندا
Pitcairn,Pitcairn,PN,PCN,612,,,,,,,皮特凯恩,Питкэрн,Pitcairn,Pitcairn,بيتكرن
Philippines (the),Philippines (les),PH,PHL,608,,,,,,,菲律宾,Филиппины,Philippines,Filipinas,الفلبين
Peru,Pérou (le),PE,PER,604,,,,,,,秘鲁,Перу,Pérou,Perú,بيرو
Paraguay,Paraguay (le),PY,PRY,600,,,,,,,巴拉圭,Парагвай,Paraguay,Paraguay,باراغواي
Papua New Guinea,Papouasie-Nouvelle-Guinée (la),PG,PNG,598,,,,,,,巴布亚新几内亚,Папуа-Новая Гвинея,Papouasie-Nouvelle-Guinée,Papua Nueva Guinea,بابوا غينيا الجديدة
Panama,Panama (le),PA,PAN,591,,,,,,,巴拿马,Панама,Panama,Panamá,بنما
"Palestine, State of","Palestine, État de",PS,PSE,275,,,,,,,巴勒斯坦国,Государство Палестина,État de Palestine,Estado de Palestina,دولة فلسطين
Palau,Palaos (les),PW,PLW,585,,,,,,,帕劳,Палау,Palaos,Palau,بالاو
Pakistan,Pakistan (le),PK,PAK,586,,,,,,,巴基斯坦,Пакистан,Pakistan,Pakistán,باكستان
Oman,Oman,OM,OMN,512,,,,,,,阿曼,Оман,Oman,Omán,عمان
Norway,Norvège (la),NO,NOR,578,,,,,,,挪威,Норвегия,Norvège,Noruega,النرويج
Northern Mariana Islands (the),Mariannes du Nord (les Îles),MP,MNP,580,,,,,,,北马里亚纳群岛,Северные Марианские острова,Îles Mariannes du Nord,Islas Marianas Septentrionales,جزر ماريانا الشمالية
North Macedonia,Macédoine du Nord (la),MK,MKD,807,,,,,,,北马其顿,Северная Македония,Macédoine du Nord,Macedonia del Norte,مقدونيا الشمالية
Norfolk Island,Norfolk (l'Île),NF,NFK,574,,,,,,,诺福克岛,Остров Норфолк,Île Norfolk,Isla Norfolk,جزيرة نورفولك
Niue,Niue,NU,NIU,570,,,,,,,纽埃,Ниуэ,Nioué,Niue,نيوي
Nigeria,Nigéria (le),NG,NGA,566,,,,,,,尼日利亚,Нигерия,Nigéria,Nigeria,نيجيريا
Niger (the),Niger (le),NE,NER,562,,,,,,,尼日尔,Нигер,Niger,Níger,النيجر
Nicaragua,Nicaragua (le),NI,NIC,558,,,,,,,尼加拉瓜,Никарагуа,Nicaragua,Nicaragua,نيكاراغوا
New Zealand,Nouvelle-Zélande (la),NZ,NZL,554,,,,,,,新西兰,Новая Зеландия,Nouvelle-Zélande,Nueva Zelandia,نيوزيلندا
New Caledonia,Nouvelle-Calédonie (la),NC,NCL,540,,,,,,,新喀里多尼亚,Новая Каледония,Nouvelle-Calédonie,Nueva Caledonia,كاليدونيا الجديدة
Netherlands (the),Pays-Bas (les),NL,NLD,528,,,,,,,荷兰,Нидерланды,Pays-Bas,Países Bajos,هولندا
Nepal,Népal (le),NP,NPL,524,,,,,,,尼泊尔,Непал,Népal,Nepal,نيبال
Nauru,Nauru,NR,NRU,520,,,,,,,瑙鲁,Науру,Nauru,Nauru,ناورو
Namibia,Namibie (la),NA,NAM,516,,,,,,,纳米比亚,Намибия,Namibie,Namibia,ناميبيا
Myanmar,Myanmar (le),MM,MMR,104,,,,,,,缅甸,Мьянма,Myanmar,Myanmar,ميانمار
Mozambique,Mozambique (le),MZ,MOZ,508,,,,,,,莫桑比克,Мозамбик,Mozambique,Mozambique,موزامبيق
Morocco,Maroc (le),MA,MAR,504,,,,,,,摩洛哥,Марокко,Maroc,Marruecos,المغرب
Montserrat,Montserrat,MS,MSR,500,,,,,,,蒙特塞拉特,Монтсеррат,Montserrat,Montserrat,مونتسيرات
Montenegro,Monténégro (le),ME,MNE,499,,,,,,,黑山,Черногория,Monténégro,Montenegro,الجبل الأسود
Mongolia,Mongolie (la),MN,MNG,496,,,,,,,蒙古,Монголия,Mongolie,Mongolia,منغوليا
Monaco,Monaco,MC,MCO,492,,,,,,,摩纳哥,Монако,Monaco,Mónaco,موناكو
Moldova (the Republic of),Moldova (la République de),MD,MDA,498,,,,,,,摩尔多瓦共和国,Республика Молдова,République de Moldova,República de Moldova,جمهورية مولدوفا
Micronesia (Federated States of),Micronésie (États fédérés de),FM,FSM,583,,,,,,,密克罗尼西亚联邦,Микронезия (Федеративные Штаты),Micronésie (États fédérés de),Micronesia (Estados Federados de),ميكرونيزيا (ولايات - الموحدة)
Mexico,Mexique (le),MX,MEX,484,,,,,,,墨西哥,Мексика,Mexique,México,المكسيك
Mayotte,Mayotte,YT,MYT,175,,,,,,,马约特,Остров Майотта,Mayotte,Mayotte,مايوت
Mauritius,Maurice,MU,MUS,480,,,,,,,毛里求斯,Маврикий,Maurice,Mauricio,موريشيوس
Mauritania,Mauritanie (la),MR,MRT,478,,,,,,,毛里塔尼亚,Мавритания,Mauritanie,Mauritania,موريتانيا
Martinique,Martinique (la),MQ,MTQ,474,,,,,,,马提尼克,Мартиника,Martinique,Martinica,مارتينيك
Marshall Islands (the),Marshall (les Îles),MH,MHL,584,,,,,,,马绍尔群岛,Маршалловы Острова,Îles Marshall,Islas Marshall,جزر مارشال
Malta,Malte,MT,MLT,470,,,,,,,马耳他,Мальта,Malte,Malta,مالطة
Mali,Mali (le),ML,MLI,466,,,,,,,马里,Мали,Mali,Malí,مالي
Maldives,Maldives (les),MV,MDV,462,,,,,,,马尔代夫,Мальдивские Острова,Maldives,Maldivas,ملديف
Malaysia,Malaisie (la),MY,MYS,458,,,,,,,马来西亚,Малайзия,Malaisie,Malasia,ماليزيا
Malawi,Malawi (le),MW,MWI,454,,,,,,,马拉维,Малави,Malawi,Malawi,ملاوي
Madagascar,Madagascar,MG,MDG,450,,,,,,,马达加斯加,Мадагаскар,Madagascar,Madagascar,مدغشقر
Macao,Macao,MO,MAC,446,,,,,,,中国澳门特别行政区,"Китай, Специальный административный район Макао","Chine, région administrative spéciale de Macao","China, región administrativa especial de Macao","الصين، منطقة ماكاو الإدارية الخاصة"
Luxembourg,Luxembourg (le),LU,LUX,442,,,,,,,卢森堡,Люксембург,Luxembourg,Luxemburgo,لكسمبرغ
Lithuania,Lituanie (la),LT,LTU,440,,,,,,,立陶宛,Литва,Lituanie,Lituania,ليتوانيا
Liechtenstein,Liechtenstein (le),LI,LIE,438,,,,,,,列支敦士登,Лихтенштейн,Liechtenstein,Liechtenstein,ليختنشتاين
Libya,Libye (la),LY,LBY,434,,,,,,,利比亚,Ливия,Libye,Libia,ليبيا
Liberia,Libéria (le),LR,LBR,430,,,,,,,利比里亚,Либерия,Libéria,Liberia,ليبريا
Lesotho,Lesotho (le),LS,LSO,426,,,,,,,莱索托,Лесото,Lesotho,Lesotho,ليسوتو
Lebanon,Liban (le),LB,LBN,422,,,,,,,黎巴嫩,Ливан,Liban,Líbano,لبنان
Latvia,Lettonie (la),LV,LVA,428,,,,,,,拉脱维亚,Латвия,Lettonie,Letonia,لاتفيا
Lao People's Democratic Republic (the),Lao (la République démocratique populaire),LA,LAO,418,,,,,,,老挝人民民主共和国,Лаосская Народно-Демократическая Республика,République démocratique populaire lao,República Democrática Popular Lao,جمهورية لاو الديمقراطية الشعبية
Kyrgyzstan,Kirghizistan (le),KG,KGZ,417,,,,,,,吉尔吉斯斯坦,Кыргызстан,Kirghizistan,Kirguistán,قيرغيزستان
Kuwait,Koweït (le),KW,KWT,414,,,,,,,科威特,Кувейт,Koweït,Kuwait,الكويت
Korea (the Republic of),Corée (la République de),KR,KOR,410,,,,,,,大韩民国,Республика Корея,République de Corée,República de Corea,جمهورية كوريا
Korea (the Democratic People's Republic of),Corée (la République populaire démocratique de),KP,PRK,408,,,,,,,朝鲜民主主义人民共和国,Корейская Народно-Демократическая Республика,République populaire démocratique de Corée,República Popular Democrática de Corea,جمهورية كوريا الشعبية الديمقراطية
Kiribati,Kiribati,KI,KIR,296,,,,,,,基里巴斯,Кирибати,Kiribati,Kiribati,كيريباس
Kenya,Kenya (le),KE,KEN,404,,,,,,,肯尼亚,Кения,Kenya,Kenya,كينيا
Kazakhstan,Kazakhstan (le),KZ,KAZ,398,,,,,,,哈萨克斯坦,Казахстан,Kazakhstan,Kazajstán,كازاخستان
Jordan,Jordanie (la),JO,JOR,400,,,,,,,约旦,Иордания,Jordanie,Jordania,الأردن
Jersey,Jersey,JE,JEY,832,,,,,,,泽西,Джерси,Jersey,Jersey,جيرسي
Japan,Japon (le),JP,JPN,392,,,,,,,日本,Япония,Japon,Japón,اليابان
Jamaica,Jamaïque (la),JM,JAM,388,,,,,,,牙买加,Ямайка,Jamaïque,Jamaica,جامايكا
Italy,Italie (l'),IT,ITA,380,,,,,,,意大利,Италия,Italie,Italia,إيطاليا
Israel,Israël,IL,ISR,376,,,,,,,以色列,Израиль,Israël,Israel,إسرائيل
Isle of Man,Île de Man,IM,IMN,833,,,,,,,马恩岛,Остров Мэн,Île de Man,Isla de Man,جزيرة مان
Ireland,Irlande (l'),IE,IRL,372,,,,,,,爱尔兰,Ирландия,Irlande,Irlanda,آيرلندا
Iraq,Iraq (l'),IQ,IRQ,368,,,,,,,伊拉克,Ирак,Iraq,Iraq,العراق
Iran (Islamic Republic of),Iran (République Islamique d'),IR,IRN,364,,,,,,,伊朗伊斯兰共和国,Иран (Исламская Республика),Iran (République islamique d’),Irán (República Islámica del),إيران (جمهورية - الإسلامية)
Indonesia,Indonésie (l'),ID,IDN,360,,,,,,,印度尼西亚,Индонезия,Indonésie,Indonesia,إندونيسيا
India,Inde (l'),IN,IND,356,,,,,,,印度,Индия,Inde,India,الهند
Iceland,Islande (l'),IS,ISL,352,,,,,,,冰岛,Исландия,Islande,Islandia,آيسلندا
Hungary,Hongrie (la),HU,HUN,348,,,,,,,匈牙利,Венгрия,Hongrie,Hungría,هنغاريا
Hong Kong,Hong Kong,HK,HKG,344,,,,,,,中国香港特别行政区,"Китай, Специальный административный район Гонконг","Chine, région administrative spéciale de Hong Kong","China, región administrativa especial de Hong Kong","الصين، منطقة هونغ كونغ الإدارية الخاصة"
Honduras,Honduras (le),HN,HND,340,,,,,,,洪都拉斯,Гондурас,Honduras,Honduras,هندوراس
Holy See (the),Saint-Siège (le),VA,VAT,336,,,,,,,教廷,Святой Престол,Saint-Siège,Santa Sede,الكرسي الرسولي
Heard Island and McDonald Islands,Heard-et-Îles MacDonald (l'Île),HM,HMD,334,,,,,,,赫德岛和麦克唐纳岛,Остров Херд и острова Макдональд,Île Heard-et-Îles MacDonald,Islas Heard y McDonald,جزيرة هيرد وجزر ماكدونالد
Haiti,Haïti,HT,HTI,332,,,,,,,海地,Гаити,Haïti,Haití,هايتي
Guyana,Guyana (le),GY,GUY,328,,,,,,,圭亚那,Гайана,Guyana,Guyana,غيانا
Guinea-Bissau,Guinée-Bissau (la),GW,GNB,624,,,,,,,几内亚比绍,Гвинея-Бисау,Guinée-Bissau,Guinea-Bissau,غينيا - بيساو
Guinea,Guinée (la),GN,GIN,324,,,,,,,几内亚,Гвинея,Guinée,Guinea,غينيا
Guernsey,Guernesey,GG,GGY,831,,,,,,,格恩西,Гернси,Guernesey,Guernsey,غيرنسي
Guatemala,Guatemala (le),GT,GTM,320,,,,,,,危地马拉,Гватемала,Guatemala,Guatemala,غواتيمالا
Guam,Guam,GU,GUM,316,,,,,,,关岛,Гуам,Guam,Guam,غوام
Guadeloupe,Guadeloupe (la),GP,GLP,312,,,,,,,瓜德罗普,Гваделупа,Guadeloupe,Guadalupe,غوادلوب
Grenada,Grenade (la),GD,GRD,308,,,,,,,格林纳达,Гренада,Grenade,Granada,غرينادا
Greenland,Groenland (le),GL,GRL,304,,,,,,,格陵兰,Гренландия,Groenland,Groenlandia,غرينلند
Greece,Grèce (la),GR,GRC,300,,,,,,,希腊,Греция,Grèce,Grecia,اليونان
Gibraltar,Gibraltar,GI,GIB,292,,,,,,,直布罗陀,Гибралтар,Gibraltar,Gibraltar,جبل طارق
Ghana,Ghana (le),GH,GHA,288,,,,,,,加纳,Гана,Ghana,Ghana,غانا
Germany,Allemagne (l'),DE,DEU,276,,,,,,,德国,Германия,Allemagne,Alemania,ألمانيا
Georgia,Géorgie (la),GE,GEO,268,,,,,,,格鲁吉亚,Грузия,Géorgie,Georgia,جورجيا
Gambia (the),Gambie (la),GM,GMB,270,,,,,,,冈比亚,Гамбия,Gambie,Gambia,غامبيا
Gabon,Gabon (le),GA,GAB,266,,,,,,,加蓬,Габон,Gabon,Gabón,غابون
French Southern Territories (the),Terres australes françaises (les),TF,ATF,260,,,,,,,法属南方领地,Южные земли (французская заморская территория),Terres australes françaises,Territorio de las Tierras Australes Francesas,الأراضي الفرنسية الجنوبية الجنوبية
French Polynesia,Polynésie française (la),PF,PYF,258,,,,,,,法属波利尼西亚,Французская Полинезия,Polynésie française,Polinesia Francesa,بولينيزيا الفرنسية
French Guiana,Guyane française (la ),GF,GUF,254,,,,,,,法属圭亚那,Французская Гвиана,Guyane française,Guayana Francesa,غيانا الفرنسية
France,France (la),FR,FRA,250,,,,,,,法国,Франция,France,Francia,فرنسا
Finland,Finlande (la),FI,FIN,246,,,,,,,芬兰,Финляндия,Finlande,Finlandia,فنلندا
Fiji,Fidji (les),FJ,FJI,242,,,,,,,斐济,Фиджи,Fidji,Fiji,فيجي
Faroe Islands (the),Féroé (les Îles),FO,FRO,234,,,,,,,法罗群岛,Фарерские острова,Îles Féroé,Islas Feroe,جزر فايرو
Falkland Islands (the) [Malvinas],Falkland (les Îles)/Malouines (les Îles),FK,FLK,238,,,,,,,福克兰群岛（马尔维纳斯）,Фолклендские (Мальвинские) острова,Îles Falkland (Malvinas),Islas Malvinas (Falkland),جزر فوكلاند (مالفيناس)
Ethiopia,Éthiopie (l'),ET,ETH,231,,,,,,,埃塞俄比亚,Эфиопия,Éthiopie,Etiopía,إثيوبيا
Eswatini,Eswatini (l'),SZ,SWZ,748,,,,,,,斯威士兰,Эсватини,Eswatini,Eswatini,إسواتيني
Estonia,Estonie (l'),EE,EST,233,,,,,,,爱沙尼亚,Эстония,Estonie,Estonia,إستونيا
Eritrea,Érythrée (l'),ER,ERI,232,,,,,,,厄立特里亚,Эритрея,Érythrée,Eritrea,إريتريا
Equatorial Guinea,Guinée équatoriale (la),GQ,GNQ,226,,,,,,,赤道几内亚,Экваториальная Гвинея,Guinée équatoriale,Guinea Ecuatorial,غينيا الاستوائية
El Salvador,El Salvador,SV,SLV,222,,,,,,,萨尔瓦多,Сальвадор,El Salvador,El Salvador,السلفادور
Egypt,Égypte (l'),EG,EGY,818,,,,,,,埃及,Египет,Égypte,Egipto,مصر
Ecuador,Équateur (l'),EC,ECU,218,,,,,,,厄瓜多尔,Эквадор,Équateur,Ecuador,إكوادور
Dominican Republic (the),dominicaine (la République),DO,DOM,214,,,,,,,多米尼加,Доминиканская Республика,République dominicaine,República Dominicana,الجمهورية الدومينيكية
Dominica,Dominique (la),DM,DMA,212,,,,,,,多米尼克,Доминика,Dominique,Dominica,دومينيكا
Djibouti,Djibouti,DJ,DJI,262,,,,,,,吉布提,Джибути,Djibouti,Djibouti,جيبوتي
Denmark,Danemark (le),DK,DNK,208,,,,,,,丹麦,Дания,Danemark,Dinamarca,الدانمرك
Côte d'Ivoire,Côte d'Ivoire (la),CI,CIV,384,,,,,,,科特迪瓦,Кот-д'Ивуар,Côte d’Ivoire,Côte d’Ivoire,كوت ديفوار
Czechia,Tchéquie (la),CZ,CZE,203,,,,,,,捷克,Чехия,Tchéquie,Chequia,تشيكيا
Cyprus,Chypre,CY,CYP,196,,,,,,,塞浦路斯,Кипр,Chypre,Chipre,قبرص
Curaçao,Curaçao,CW,CUW,531,,,,,,,库拉索,Кюрасао,Curaçao,Curazao,كوراساو
Cuba,Cuba,CU,CUB,192,,,,,,,古巴,Куба,Cuba,Cuba,كوبا
Croatia,Croatie (la),HR,HRV,191,,,,,,,克罗地亚,Хорватия,Croatie,Croacia,كرواتيا
Costa Rica,Costa Rica (le),CR,CRI,188,,,,,,,哥斯达黎加,Коста-Рика,Costa Rica,Costa Rica,كوستاريكا
Cook Islands (the),Cook (les Îles),CK,COK,184,,,,,,,库克群岛,Острова Кука,Îles Cook,Islas Cook,جزر كوك
Congo (the),Congo (le),CG,COG,178,,,,,,,刚果,Конго,Congo,Congo,الكونغو
Congo (the Democratic Republic of the),Congo (la République démocratique du),CD,COD,180,,,,,,,刚果民主共和国,Демократическая Республика Конго,République démocratique du Congo,República Democrática del Congo,جمهورية الكونغو الديمقراطية
Comoros (the),Comores (les),KM,COM,174,,,,,,,科摩罗,Коморские Острова,Comores,Comoras,جزر القمر
Colombia,Colombie (la),CO,COL,170,,,,,,,哥伦比亚,Колумбия,Colombie,Colombia,كولومبيا
Cocos (Keeling) Islands (the),Cocos (les Îles)/ Keeling (les Îles),CC,CCK,166,,,,,,,科科斯（基林）群岛,Кокосовых (Килинг) островов,Îles des Cocos (Keeling),Islas Cocos (Keeling),جزر كوكس (كيلينغ)
Christmas Island,Christmas (l'Île),CX,CXR,162,,,,,,,圣诞岛,остров Рождества,Île Christmas,Isla Christmas,جزيرة عيد الميلاد
China,Chine (la),CN,CHN,156,,,,,,,中国,Китай,Chine,China,الصين
Chile,Chili (le),CL,CHL,152,,,,,,,智利,Чили,Chili,Chile,شيلي
Chad,Tchad (le),TD,TCD,148,,,,,,,乍得,Чад,Tchad,Chad,تشاد
Central African Republic (the),République centrafricaine (la),CF,CAF,140,,,,,,,中非共和国,Центральноафриканская Республика,République centrafricaine,República Centroafricana,جمهورية أفريقيا الوسطى
Cayman Islands (the),Caïmans (les Îles),KY,CYM,136,,,,,,,开曼群岛,Кайман острова,Îles Caïmanes,Islas Caimán,جزر كايمان
Canada,Canada (le),CA,CAN,124,,,,,,,加拿大,Канада,Canada,Canadá,كندا
Cameroon,Cameroun (le),CM,CMR,120,,,,,,,喀麦隆,Камерун,Cameroun,Camerún,الكاميرون
Cambodia,Cambodge (le),KH,KHM,116,,,,,,,柬埔寨,Камбоджа,Cambodge,Camboya,كمبوديا
Cabo Verde,Cabo Verde,CV,CPV,132,,,,,,,佛得角,Кабо-Верде,Cabo Verde,Cabo Verde,كابو فيردي
Burundi,Burundi (le),BI,BDI,108,,,,,,,布隆迪,Бурунди,Burundi,Burundi,بوروندي
Burkina Faso,Burkina Faso (le),BF,BFA,854,,,,,,,布基纳法索,Буркина-Фасо,Burkina Faso,Burkina Faso,بوركينا فاسو
Bulgaria,Bulgarie (la),BG,BGR,100,,,,,,,保加利亚,Болгария,Bulgarie,Bulgaria,بلغاريا
Brunei Darussalam,Brunéi Darussalam (le),BN,BRN,096,,,,,,,文莱达鲁萨兰国,Бруней-Даруссалам,Brunéi Darussalam,Brunei Darussalam,بروني دار السلام
British Indian Ocean Territory (the),Indien (le Territoire britannique de l'océan),IO,IOT,086,,,,,,,英属印度洋领土,Британская территория в Индийском океане,Territoire britannique de l'océan Indien,Territorio Británico del Océano Índico,المحيط الهندي الإقليم البريطاني في
Brazil,Brésil (le),BR,BRA,076,,,,,,,巴西,Бразилия,Brésil,Brasil,البرازيل
Bouvet Island,Bouvet (l'Île),BV,BVT,074,,,,,,,布维岛,Остров Буве,Île Bouvet,Isla Bouvet,جزيرة بوفيت
Botswana,Botswana (le),BW,BWA,072,,,,,,,博茨瓦纳,Ботсвана,Botswana,Botswana,بوتسوانا
Bosnia and Herzegovina,Bosnie-Herzégovine (la),BA,BIH,070,,,,,,,波斯尼亚和黑塞哥维那,Босния и Герцеговина,Bosnie-Herzégovine,Bosnia y Herzegovina,البوسنة والهرسك
"Bonaire, Sint Eustatius and Saba","Bonaire, Saint-Eustache et Saba",BQ,BES,535,,,,,,,博纳尔，圣俄斯塔休斯和萨巴,"Бонайре, Синт-Эстатиус и Саба","Bonaire, Saint-Eustache et Saba","Bonaire, San Eustaquio y Saba",بونير وسانت يوستاشيوس وسابا
Bolivia (Plurinational State of),Bolivie (État plurinational de),BO,BOL,068,,,,,,,多民族玻利维亚国,Боливия (Многонациональное Государство),Bolivie (État plurinational de),Bolivia (Estado Plurinacional de),بوليفيا (دولة - المتعددة القوميات)
Bhutan,Bhoutan (le),BT,BTN,064,,,,,,,不丹,Бутан,Bhoutan,Bhután,بوتان
Bermuda,Bermudes (les),BM,BMU,060,,,,,,,百慕大,Бермудские острова,Bermudes,Bermuda,برمودا
Benin,Bénin (le),BJ,BEN,204,,,,,,,贝宁,Бенин,Bénin,Benin,بنن
Belize,Belize (le),BZ,BLZ,084,,,,,,,伯利兹,Белиз,Belize,Belice,بليز
Belgium,Belgique (la),BE,BEL,056,,,,,,,比利时,Бельгия,Belgique,Bélgica,بلجيكا
Belarus,Bélarus (le),BY,BLR,112,,,,,,,白俄罗斯,Беларусь,Bélarus,Belarús,بيلاروس
Barbados,Barbade (la),BB,BRB,052,,,,,,,巴巴多斯,Барбадос,Barbade,Barbados,بربادوس
Bangladesh,Bangladesh (le),BD,BGD,050,,,,,,,孟加拉国,Бангладеш,Bangladesh,Bangladesh,بنغلاديش
Bahrain,Bahreïn,BH,BHR,048,,,,,,,巴林,Бахрейн,Bahreïn,Bahrein,البحرين
Bahamas (the),Bahamas (les),BS,BHS,044,,,,,,,巴哈马,Багамские Острова,Bahamas,Bahamas,جزر البهاما
Azerbaijan,Azerbaïdjan (l'),AZ,AZE,031,,,,,,,阿塞拜疆,Азербайджан,Azerbaïdjan,Azerbaiyán,أذربيجان
Austria,Autriche (l'),AT,AUT,040,,,,,,,奥地利,Австрия,Autriche,Austria,النمسا
Australia,Australie (l'),AU,AUS,036,,,,,,,澳大利亚,Австралия,Australie,Australia,أستراليا
Aruba,Aruba,AW,ABW,533,,,,,,,阿鲁巴,Аруба,Aruba,Aruba,أروبا
Armenia,Arménie (l'),AM,ARM,051,,,,,,,亚美尼亚,Армения,Arménie,Armenia,أرمينيا
Argentina,Argentine (l'),AR,ARG,032,,,,,,,阿根廷,Аргентина,Argentine,Argentina,الأرجنتين
Antigua and Barbuda,Antigua-et-Barbuda,AG,ATG,028,,,,,,,安提瓜和巴布达,Антигуа и Барбуда,Antigua-et-Barbuda,Antigua y Barbuda,أنتيغوا وبربودا
Antarctica,Antarctique (l'),AQ,ATA,010,,,,,,,南极洲,Антарктике,Antarctique,Antártida,أنتاركتيكا
Anguilla,Anguilla,AI,AIA,660,,,,,,,安圭拉,Ангилья,Anguilla,Anguila,أنغويلا
Angola,Angola (l'),AO,AGO,024,,,,,,,安哥拉,Ангола,Angola,Angola,أنغولا
Andorra,Andorre (l'),AD,AND,020,,,,,,,安道尔,Андорра,Andorre,Andorra,أندورا
American Samoa,Samoa américaines (les),AS,ASM,016,,,,,,,美属萨摩亚,Американское Самоа,Samoa américaines,Samoa Americana,ساموا الأمريكية
Algeria,Algérie (l'),DZ,DZA,012,,,,,,,阿尔及利亚,Алжир,Algérie,Argelia,الجزائر
Albania,Albanie (l'),AL,ALB,008,,,,,,,阿尔巴尼亚,Албания,Albanie,Albania,ألبانيا
Afghanistan,Afghanistan (l'),AF,AFG,004,,,,,,,阿富汗,Афганистан,Afghanistan,Afganistán,أفغانستان
